epoch,error,step,train_loss
0,38.42823791503906,49,1.225813502969686e-05
0,38.42823791503906,99,2.4703963319439026e-08
0,38.42823791503906,149,1.206135746834036e-10
