epoch,error,step,train_loss
0,20.539112091064453,49,4.324134351918474e-06
0,26.89219856262207,99,3.18363007068001e-08
