{
    "cam2world": [
        [
            0.7071067811865475,
            -0.2357022603955159,
            0.6666666666666666,
            0.0
        ],
        [
            -0.7071067811865475,
            -0.2357022603955159,
            0.6666666666666666,
            0.0
        ],
        [
            0.0,
            -0.9428090415820632,
            -0.3333333333333334,
            5.0
        ],
        [
            0.0,
            0.0,
            0.0,
            1.0
        ]
    ],
    "camera_orientation": [
        0.7543444794845715,
        0.5334020967941769,
        -0.2209423826903945,
        -0.3124597141037825
    ]
}