{
    "cam2world": [
        [
            0.731055268242869,
            -0.29892905287292865,
            0.613351136073653,
            0.0
        ],
        [
            -0.6823182503600111,
            -0.3202811280781378,
            0.6571619315074853,
            0.0
        ],
        [
            0.0,
            -0.8989223661393067,
            -0.43810795433832367,
            5.0
        ],
        [
            0.0,
            0.0,
            0.0,
            1.0
        ]
    ],
    "camera_orientation": [
        0.4931192010625848,
        -0.7888986548757912,
        0.3109548029928614,
        -0.1943694327157341
    ]
}