epoch,error,step,train_loss
0,10.372130393981934,49,22.569669723510742
