epoch,error,step,train_loss
0,5.6309428215026855,49,0.016526803374290466
0,3.5364296436309814,99,0.002061261096969247
0,2.4252707958221436,149,0.000592706142924726
0,2.541309356689453,199,0.00045465852599591017
0,0.8214385509490967,249,0.00041841602069325745
0,0.8974864482879639,299,0.0003263736725784838
0,0.8825231790542603,349,0.00027439664700068533
0,3.306800365447998,399,0.0002501842100173235
