epoch,error,step,train_loss
0,335.69232177734375,49,0.007380511146038771
0,336.6440734863281,99,0.003304842859506607
0,337.2677001953125,149,0.0012802230194211006
0,337.6946716308594,199,0.0004224669246468693
0,337.96728515625,249,0.00011760022607631981
0,338.12493896484375,299,2.7478396077640355e-05
