epoch,error,step,train_loss
0,357.18701171875,49,0.043746717274188995
