epoch,error,step,train_loss
0,329.3055114746094,49,0.10863292217254639
0,330.6012268066406,99,0.008949869312345982
