epoch,error,step,train_loss
0,2.4293432235717773,49,0.2947404682636261
