epoch,error,step,train_loss
0,9.864354133605957,49,0.021565550938248634
