epoch,error,step,train_loss
0,3046.95361328125,49,0.08605745434761047
0,154.18821716308594,99,0.0631495788693428
