epoch,error,step,train_loss
0,0.9650102853775024,49,0.00026080210227519274
0,0.43047499656677246,99,0.00011361914221197367
