epoch,error,step,train_loss
0,1.9081060886383057,49,7.042336073936895e-05
