epoch,error,step,train_loss
0,10.507198333740234,49,0.2650442123413086
0,14.929688453674316,99,0.003046339377760887
0,34.949859619140625,149,0.006037077866494656
