epoch,error,step,train_loss
0,548.35302734375,49,111.05635833740234
0,509.2320556640625,99,97.47171020507812
0,520.2363891601562,149,76.70755004882812
0,522.5950317382812,199,42.353614807128906
0,523.3571166992188,249,9.493180274963379
