epoch,error,step,train_loss
0,1812.112548828125,49,17.642324447631836
0,1811.5555419921875,99,0.3178997039794922
0,1811.616943359375,149,0.0019113607704639435
0,1811.6121826171875,199,9.457377018406987e-06
0,1811.61181640625,249,5.868059815838933e-08
0,1811.61181640625,299,1.1641532182693481e-10
0,1811.61181640625,349,7.275957614183426e-12
0,1811.61181640625,399,0.0
0,1811.61181640625,449,0.0
0,1811.61181640625,499,0.0
0,1811.61181640625,549,0.0
0,1811.61181640625,599,0.0
