epoch,error,step,train_loss
0,15.285077095031738,49,0.10229811072349548
0,51.481056213378906,99,0.036096177995204926
0,54.455074310302734,149,0.011719824746251106
0,30.472503662109375,199,0.00963283609598875
0,1194.5579833984375,249,0.009463845752179623
0,78.28176879882812,299,0.009913824498653412
0,54.425296783447266,349,0.007925602607429028
0,33.47142791748047,399,0.00823128130286932
0,44.029380798339844,449,0.007938397116959095
