epoch,error,step,train_loss
0,214.01112365722656,49,0.12395275384187698
