epoch,error,step,train_loss
0,1.0097419586828951e-28,49,2.0846015104325488e-05
0,1.0097419586828951e-28,99,3.9530512196961354e-08
0,1.0097419586828951e-28,149,3.6269676151334806e-10
