epoch,error,step,train_loss
0,472.27667236328125,49,0.0001006510283332318
0,475.4588623046875,99,6.525082199004828e-07
