epoch,error,step,train_loss
0,344.0346374511719,49,0.02795061096549034
0,341.1756286621094,99,0.010554328560829163
0,339.3846435546875,149,0.001451579388231039
