epoch,step,val_loss
0,7,85.77816009521484
1,15,80.26773071289062
