epoch,error,step,train_loss
0,357.31475830078125,49,0.0841284692287445
0,354.99786376953125,99,0.019501568749547005
