epoch,error,step,train_loss
0,415.8123779296875,49,0.44451552629470825
0,431.35955810546875,99,0.11130312830209732
