epoch,error,step,train_loss
0,3.831254243850708,49,0.00861416943371296
