epoch,error,step,train_loss
0,nan,49,0.026685800403356552
0,nan,99,0.02194906584918499
