epoch,error,step,train_loss
0,19.964157104492188,49,0.043874192982912064
0,7.177028179168701,99,0.005747583229094744
