epoch,error,step,train_loss
0,0.5784991979598999,49,0.007181232795119286
0,1.1783150434494019,99,0.004749711137264967
